{"name":"BG Events App","short_name":"BG Events","description":"BG events and notifications","start_url":"/","display":"standalone","background_color":"#ffffff","theme_color":"#2563eb","orientation":"portrait-primary","icons":[{"src":"/icon-192x192.png","sizes":"192x192","type":"image/png","purpose":"maskable any"},{"src":"/icon-512x512.png","sizes":"512x512","type":"image/png","purpose":"maskable any"}],"categories":["productivity","business"],"prefer_related_applications":false,"scope":"/","id":"internal-events-app"}